-- MySQL dump 10.13  Distrib 5.6.16, for Linux (i686)
--
-- Host: localhost    Database: yii2restful
-- ------------------------------------------------------
-- Server version	5.6.16

/*!40101 SET @OLD_CHARACTER_SET_CLIENT=@@CHARACTER_SET_CLIENT */;
/*!40101 SET @OLD_CHARACTER_SET_RESULTS=@@CHARACTER_SET_RESULTS */;
/*!40101 SET @OLD_COLLATION_CONNECTION=@@COLLATION_CONNECTION */;
/*!40101 SET NAMES utf8 */;
/*!40103 SET @OLD_TIME_ZONE=@@TIME_ZONE */;
/*!40103 SET TIME_ZONE='+00:00' */;
/*!40014 SET @OLD_UNIQUE_CHECKS=@@UNIQUE_CHECKS, UNIQUE_CHECKS=0 */;
/*!40014 SET @OLD_FOREIGN_KEY_CHECKS=@@FOREIGN_KEY_CHECKS, FOREIGN_KEY_CHECKS=0 */;
/*!40101 SET @OLD_SQL_MODE=@@SQL_MODE, SQL_MODE='NO_AUTO_VALUE_ON_ZERO' */;
/*!40111 SET @OLD_SQL_NOTES=@@SQL_NOTES, SQL_NOTES=0 */;

--
-- Table structure for table `yii2_auth_assignment`
--

DROP TABLE IF EXISTS `yii2_auth_assignment`;
/*!40101 SET @saved_cs_client     = @@character_set_client */;
/*!40101 SET character_set_client = utf8 */;
CREATE TABLE `yii2_auth_assignment` (
  `item_name` varchar(64) NOT NULL,
  `user_id` varchar(64) NOT NULL,
  `created_at` int(11) DEFAULT NULL,
  PRIMARY KEY (`item_name`,`user_id`),
  KEY `auth_assignment_user_id_idx` (`user_id`),
  CONSTRAINT `yii2_auth_assignment_ibfk_1` FOREIGN KEY (`item_name`) REFERENCES `yii2_auth_item` (`name`) ON DELETE CASCADE ON UPDATE CASCADE
) ENGINE=InnoDB DEFAULT CHARSET=utf8;
/*!40101 SET character_set_client = @saved_cs_client */;

--
-- Dumping data for table `yii2_auth_assignment`
--

LOCK TABLES `yii2_auth_assignment` WRITE;
/*!40000 ALTER TABLE `yii2_auth_assignment` DISABLE KEYS */;
INSERT INTO `yii2_auth_assignment` VALUES ('root','1',1522555776),('root','2',1522560548);
/*!40000 ALTER TABLE `yii2_auth_assignment` ENABLE KEYS */;
UNLOCK TABLES;

--
-- Table structure for table `yii2_auth_item`
--

DROP TABLE IF EXISTS `yii2_auth_item`;
/*!40101 SET @saved_cs_client     = @@character_set_client */;
/*!40101 SET character_set_client = utf8 */;
CREATE TABLE `yii2_auth_item` (
  `name` varchar(64) NOT NULL,
  `type` smallint(6) NOT NULL,
  `description` text,
  `rule_name` varchar(64) DEFAULT NULL,
  `data` blob,
  `created_at` int(11) DEFAULT NULL,
  `updated_at` int(11) DEFAULT NULL,
  PRIMARY KEY (`name`),
  KEY `rule_name` (`rule_name`),
  KEY `type` (`type`),
  CONSTRAINT `yii2_auth_item_ibfk_1` FOREIGN KEY (`rule_name`) REFERENCES `yii2_auth_rule` (`name`) ON DELETE SET NULL ON UPDATE CASCADE
) ENGINE=InnoDB DEFAULT CHARSET=utf8;
/*!40101 SET character_set_client = @saved_cs_client */;

--
-- Dumping data for table `yii2_auth_item`
--

LOCK TABLES `yii2_auth_item` WRITE;
/*!40000 ALTER TABLE `yii2_auth_item` DISABLE KEYS */;
INSERT INTO `yii2_auth_item` VALUES ('/*',2,'全部',NULL,NULL,1521813601,1522507149),('/debug/*',2,'/debug/*',NULL,NULL,1522201146,1522201146),('/debug/default/*',2,'/debug/default/*',NULL,NULL,1522201146,1522201146),('/debug/default/db-explain',2,'/debug/default/db-explain',NULL,NULL,1522390662,1522390662),('/debug/default/download-mail',2,'/debug/default/download-mail',NULL,NULL,1522201146,1522201146),('/debug/default/index',2,'/debug/default/index',NULL,NULL,1522201146,1522201146),('/debug/default/toolbar',2,'/debug/default/toolbar',NULL,NULL,1522201146,1522201146),('/debug/default/view',2,'/debug/default/view',NULL,NULL,1522201146,1522201146),('/debug/user/*',2,'/debug/user/*',NULL,NULL,1522201146,1522201146),('/debug/user/reset-identity',2,'/debug/user/reset-identity',NULL,NULL,1522201146,1522201146),('/debug/user/set-identity',2,'/debug/user/set-identity',NULL,NULL,1522201146,1522201146),('/gii/*',2,'/gii/*',NULL,NULL,1522201146,1522201146),('/gii/default/*',2,'/gii/default/*',NULL,NULL,1522201146,1522201146),('/gii/default/action',2,'/gii/default/action',NULL,NULL,1522201146,1522201146),('/gii/default/diff',2,'/gii/default/diff',NULL,NULL,1522201146,1522201146),('/gii/default/index',2,'/gii/default/index',NULL,NULL,1522201146,1522201146),('/gii/default/preview',2,'/gii/default/preview',NULL,NULL,1522201146,1522201146),('/gii/default/view',2,'/gii/default/view',NULL,NULL,1522201146,1522201146),('/site/*',2,'/site/*',NULL,NULL,1522201146,1522201146),('/site/captcha',2,'/site/captcha',NULL,NULL,1522201146,1522201146),('/site/error',2,'/site/error',NULL,NULL,1522201146,1522201146),('/v1/*',2,'V1模块',NULL,NULL,1521525747,1521619641),('/v1/auth-item/*',2,'权限管理',NULL,NULL,1521525747,1521619650),('/v1/auth-item/add-permissions',2,'添加权限',NULL,NULL,1520165332,1520236587),('/v1/auth-item/add-role',2,'添加角色',NULL,NULL,1521808974,1522052471),('/v1/auth-item/add-role-permissions',2,'添加角色权限',NULL,NULL,1521808974,1522052489),('/v1/auth-item/add-user-role',2,'为用户分配角色',NULL,NULL,1522503205,1522504084),('/v1/auth-item/all-lists',2,'获取所有权限',NULL,NULL,1520215567,1521619697),('/v1/auth-item/all-lists-with-level',2,'获取有层次结构的权限',NULL,NULL,1521007674,1521619678),('/v1/auth-item/all-lists-with-role',2,'获取角色拥有的权限',NULL,NULL,1521007674,1521619716),('/v1/auth-item/all-role-with-user',2,'获取指定用户的所有角色',NULL,NULL,1522503264,1522504160),('/v1/auth-item/delete-role-permissions',2,'删除角色权限',NULL,NULL,1521808974,1522052501),('/v1/auth-item/delete-user-role',2,'删除指定用户的某个角色',NULL,NULL,1522503258,1522504142),('/v1/auth-item/index',2,'权限列表',NULL,NULL,1520215567,1520236625),('/v1/auth-item/project-directory',2,'项目结构',NULL,NULL,1520165332,1520236637),('/v1/auth-item/remove-permissions',2,'移除权限',NULL,NULL,1520165332,1520236664),('/v1/auth-item/update-permissions',2,'修改权限',NULL,NULL,1520165332,1520423740),('/v1/auth-item/user-lists',2,'获取用户列表',NULL,NULL,1522503205,1522504171),('/v1/site/*',2,'基本操作',NULL,NULL,1521525747,1521619728),('/v1/site/captcha',2,'获取验证码',NULL,NULL,1521007674,1521619742),('/v1/site/login',2,'用户登录',NULL,NULL,1521007674,1521619750),('/v1/user-copy/*',2,'某某某',NULL,NULL,1521525747,1521619769),('/v1/user-copy/create',2,'添加数据',NULL,NULL,1521007674,1522052434),('/v1/user-copy/index',2,'列表数据',NULL,NULL,1521007674,1522052446),('/v1/user-copy/view',2,'详细数据',NULL,NULL,1521007674,1522052453),('ordinaryUser',1,'普通用户',NULL,NULL,1519288590,1522493661),('root',1,'超级管理员',NULL,'s:27:\"蒙多想去哪就去哪...\";',1522066042,1522388391);
/*!40000 ALTER TABLE `yii2_auth_item` ENABLE KEYS */;
UNLOCK TABLES;

--
-- Table structure for table `yii2_auth_item_child`
--

DROP TABLE IF EXISTS `yii2_auth_item_child`;
/*!40101 SET @saved_cs_client     = @@character_set_client */;
/*!40101 SET character_set_client = utf8 */;
CREATE TABLE `yii2_auth_item_child` (
  `parent` varchar(64) NOT NULL,
  `child` varchar(64) NOT NULL,
  PRIMARY KEY (`parent`,`child`),
  KEY `child` (`child`),
  CONSTRAINT `yii2_auth_item_child_ibfk_1` FOREIGN KEY (`parent`) REFERENCES `yii2_auth_item` (`name`) ON DELETE CASCADE ON UPDATE CASCADE,
  CONSTRAINT `yii2_auth_item_child_ibfk_2` FOREIGN KEY (`child`) REFERENCES `yii2_auth_item` (`name`) ON DELETE CASCADE ON UPDATE CASCADE
) ENGINE=InnoDB DEFAULT CHARSET=utf8;
/*!40101 SET character_set_client = @saved_cs_client */;

--
-- Dumping data for table `yii2_auth_item_child`
--

LOCK TABLES `yii2_auth_item_child` WRITE;
/*!40000 ALTER TABLE `yii2_auth_item_child` DISABLE KEYS */;
INSERT INTO `yii2_auth_item_child` VALUES ('root','/debug/default/db-explain'),('root','/debug/default/download-mail'),('root','/debug/default/index'),('root','/debug/default/toolbar'),('root','/debug/default/view'),('root','/debug/user/reset-identity'),('root','/debug/user/set-identity'),('root','/gii/default/action'),('root','/gii/default/diff'),('root','/gii/default/index'),('root','/gii/default/preview'),('root','/gii/default/view'),('root','/site/captcha'),('root','/site/error'),('root','/v1/auth-item/add-permissions'),('root','/v1/auth-item/add-role'),('root','/v1/auth-item/add-role-permissions'),('root','/v1/auth-item/add-user-role'),('root','/v1/auth-item/all-lists'),('root','/v1/auth-item/all-lists-with-level'),('root','/v1/auth-item/all-lists-with-role'),('root','/v1/auth-item/all-role-with-user'),('root','/v1/auth-item/delete-role-permissions'),('root','/v1/auth-item/delete-user-role'),('root','/v1/auth-item/index'),('root','/v1/auth-item/project-directory'),('root','/v1/auth-item/remove-permissions'),('root','/v1/auth-item/update-permissions'),('root','/v1/auth-item/user-lists'),('ordinaryUser','/v1/site/*'),('ordinaryUser','/v1/site/captcha'),('root','/v1/site/captcha'),('ordinaryUser','/v1/site/login'),('root','/v1/site/login'),('ordinaryUser','/v1/user-copy/*'),('ordinaryUser','/v1/user-copy/create'),('root','/v1/user-copy/create'),('ordinaryUser','/v1/user-copy/index'),('root','/v1/user-copy/index'),('ordinaryUser','/v1/user-copy/view'),('root','/v1/user-copy/view');
/*!40000 ALTER TABLE `yii2_auth_item_child` ENABLE KEYS */;
UNLOCK TABLES;

--
-- Table structure for table `yii2_auth_rule`
--

DROP TABLE IF EXISTS `yii2_auth_rule`;
/*!40101 SET @saved_cs_client     = @@character_set_client */;
/*!40101 SET character_set_client = utf8 */;
CREATE TABLE `yii2_auth_rule` (
  `name` varchar(64) NOT NULL,
  `data` blob,
  `created_at` int(11) DEFAULT NULL,
  `updated_at` int(11) DEFAULT NULL,
  PRIMARY KEY (`name`)
) ENGINE=InnoDB DEFAULT CHARSET=utf8;
/*!40101 SET character_set_client = @saved_cs_client */;

--
-- Dumping data for table `yii2_auth_rule`
--

LOCK TABLES `yii2_auth_rule` WRITE;
/*!40000 ALTER TABLE `yii2_auth_rule` DISABLE KEYS */;
INSERT INTO `yii2_auth_rule` VALUES ('\\v1\\rules\\AuthorRule','O:19:\"v1\\rules\\AuthorRule\":3:{s:4:\"name\";s:20:\"\\v1\\rules\\AuthorRule\";s:9:\"createdAt\";i:1520217080;s:9:\"updatedAt\";i:1520217080;}',1520217080,1520217080);
/*!40000 ALTER TABLE `yii2_auth_rule` ENABLE KEYS */;
UNLOCK TABLES;

--
-- Table structure for table `yii2_user`
--

DROP TABLE IF EXISTS `yii2_user`;
/*!40101 SET @saved_cs_client     = @@character_set_client */;
/*!40101 SET character_set_client = utf8 */;
CREATE TABLE `yii2_user` (
  `id` int(11) NOT NULL AUTO_INCREMENT COMMENT '自增ID',
  `phone` char(12) DEFAULT NULL COMMENT '手机',
  `username` varchar(255) NOT NULL COMMENT '用户名',
  `head` varchar(255) DEFAULT NULL COMMENT '头像',
  `access_token` varchar(255) DEFAULT NULL COMMENT 'access-token',
  `password_hash` varchar(255) NOT NULL COMMENT '加密密码',
  `email` varchar(255) DEFAULT NULL COMMENT '邮箱',
  `created_at` int(11) DEFAULT NULL COMMENT '创建时间',
  `updated_at` int(11) DEFAULT NULL COMMENT '更新时间',
  `last_login_ip` char(20) DEFAULT NULL COMMENT '最近登录ip',
  `last_login_at` int(11) DEFAULT NULL COMMENT '最近登陆时间',
  PRIMARY KEY (`id`),
  UNIQUE KEY `yii2restful_yii2_user_username` (`username`),
  UNIQUE KEY `yii2restful_yii2_user_access_token` (`access_token`) USING BTREE COMMENT 'access_token',
  UNIQUE KEY `yii2restful_yii2_user_phone` (`phone`),
  UNIQUE KEY `yii2restful_yii2_user_email` (`email`)
) ENGINE=InnoDB AUTO_INCREMENT=39 DEFAULT CHARSET=utf8 COMMENT='用户表';
/*!40101 SET character_set_client = @saved_cs_client */;

--
-- Dumping data for table `yii2_user`
--

LOCK TABLES `yii2_user` WRITE;
/*!40000 ALTER TABLE `yii2_user` DISABLE KEYS */;
INSERT INTO `yii2_user` VALUES (1,'15918793994','root','https://ss1.bdstatic.com/70cFvXSh_Q1YnxGkpoWK1HF6hhy/it/u=3448484253,3685836170&fm=27&gp=0.jpg','y0gZlbBXGxOo4K--4_4jDNa_Byw2I-8V','$2y$13$Gmkbp4uYHbUivaxE7x3M0.LRzJUiDMKWCWUAKD763S/vbzJeIt8xe','1533356676@qq.com',1479371680,1479371680,'127.0.0.1',1479371680),(2,NULL,'admin','https://ss1.bdstatic.com/70cFvXSh_Q1YnxGkpoWK1HF6hhy/it/u=3448484253,3685836170&fm=27&gp=0.jpg','inORraxmoIqYOaaDL9qe6MqBZaf-C9Pl','$2y$13$gqyTZRup/.lisGkogBT5benIucbEZ4yweD11JKWjHASA4hl9a7oau','3095764452@qq.com',1479371663,1479371680,NULL,NULL);
/*!40000 ALTER TABLE `yii2_user` ENABLE KEYS */;
UNLOCK TABLES;

--
-- Table structure for table `yii2_user_copy`
--

DROP TABLE IF EXISTS `yii2_user_copy`;
/*!40101 SET @saved_cs_client     = @@character_set_client */;
/*!40101 SET character_set_client = utf8 */;
CREATE TABLE `yii2_user_copy` (
  `id` int(11) NOT NULL AUTO_INCREMENT COMMENT '自增ID',
  `phone` char(12) DEFAULT NULL COMMENT '手机',
  `username` varchar(255) DEFAULT NULL COMMENT '用户名',
  `head` varchar(255) DEFAULT NULL COMMENT '头像',
  `access_token` varchar(255) DEFAULT NULL COMMENT 'access-token',
  `auth_key` varchar(32) DEFAULT NULL COMMENT '自动登录key',
  `password_hash` varchar(255) DEFAULT NULL COMMENT '加密密码',
  `password_reset_token` varchar(255) DEFAULT NULL COMMENT '重置密码token',
  `email` varchar(255) DEFAULT NULL COMMENT '邮箱',
  `created_at` int(11) DEFAULT NULL COMMENT '创建时间',
  `updated_at` int(11) DEFAULT NULL COMMENT '更新时间',
  `last_login_ip` char(20) DEFAULT NULL COMMENT '最近登录ip',
  `last_login_at` int(11) DEFAULT NULL COMMENT '最近登陆时间',
  `oauth2` varchar(255) DEFAULT 'self' COMMENT 'oauth2',
  `oauth2_id` int(11) DEFAULT NULL COMMENT 'oauth2_id',
  PRIMARY KEY (`id`),
  UNIQUE KEY `yii2restful_yii2_user_oauth2_oauth2_id` (`oauth2`,`oauth2_id`) USING BTREE COMMENT 'oauth2唯一索引',
  UNIQUE KEY `yii2restful_yii2_user_access_token` (`access_token`) USING BTREE COMMENT 'access_token',
  UNIQUE KEY `yii2restful_yii2_user_phone` (`phone`)
) ENGINE=InnoDB AUTO_INCREMENT=15 DEFAULT CHARSET=utf8 COMMENT='用户表';
/*!40101 SET character_set_client = @saved_cs_client */;

--
-- Dumping data for table `yii2_user_copy`
--

LOCK TABLES `yii2_user_copy` WRITE;
/*!40000 ALTER TABLE `yii2_user_copy` DISABLE KEYS */;
INSERT INTO `yii2_user_copy` VALUES (1,'1','root','','1','6lgGBSosfvH0c9_nZZP8DY6YiI4ycwDx','$2y$13$Gmkbp4uYHbUivaxE7x3M0.LRzJUiDMKWCWUAKD763S/vbzJeIt8xe',NULL,'1533356676@qq.com',1479371680,1479371680,NULL,NULL,'self',NULL),(2,'2','admin',NULL,'2','pA7DChvN6X22MWjc6W_9TYALKiduyftD','$2y$13$gqyTZRup/.lisGkogBT5benIucbEZ4yweD11JKWjHASA4hl9a7oau',NULL,'3095764452@qq.com',1479371663,1479371680,NULL,NULL,'self',NULL),(9,'','little-bit-shy','https://avatars.githubusercontent.com/u/12792446?v=3','9',NULL,NULL,NULL,NULL,1484897023,1479371680,NULL,NULL,'github',12792446),(10,'15918793994',NULL,NULL,'y0gZlbBXGxOo4K--4_4jDNa_Byw2I-8V',NULL,'$2y$13$MpWF3HZWwe1CrcvpbwDLR.k2bRnr9VyvKCPYGaNjv8..S8Z.rkliS',NULL,NULL,1485158903,1485158903,'127.0.0.1',1485160819,'self',NULL),(12,'15918793991','fUrXC2rT',NULL,'6l4nL9fP7X7EXTw5ecedHjUhH9Kv12iv',NULL,'$2y$13$nLc17UBNeDhaRu5bFnJr8uAh2vyOt1/xYMmIVAuUNeLVmose7MkKm',NULL,NULL,1485160893,1485160893,NULL,NULL,'self',NULL),(13,'15918793992','mK0wLev6',NULL,'inORraxmoIqYOaaDL9qe6MqBZaf-C9Pl',NULL,'$2y$13$HghCFt1JWLsduv5bLQ13w.z/6W3Fzgz70qmgypNEFKlJH9P8b3xOy',NULL,NULL,1485161033,1485161033,NULL,NULL,'self',NULL),(14,'15918793993','BWko4Fiu',NULL,'0SqyoC7enijE3sDlTAVy1jmP8D9Krb2P',NULL,'$2y$13$fAbDXAo6MJ/uGCPeUcdExeQDQvZBYlCsfa23UUkS8lzv3/NufI2Lm',NULL,NULL,1485161050,1485161050,NULL,NULL,'self',NULL);
/*!40000 ALTER TABLE `yii2_user_copy` ENABLE KEYS */;
UNLOCK TABLES;
/*!40103 SET TIME_ZONE=@OLD_TIME_ZONE */;

/*!40101 SET SQL_MODE=@OLD_SQL_MODE */;
/*!40014 SET FOREIGN_KEY_CHECKS=@OLD_FOREIGN_KEY_CHECKS */;
/*!40014 SET UNIQUE_CHECKS=@OLD_UNIQUE_CHECKS */;
/*!40101 SET CHARACTER_SET_CLIENT=@OLD_CHARACTER_SET_CLIENT */;
/*!40101 SET CHARACTER_SET_RESULTS=@OLD_CHARACTER_SET_RESULTS */;
/*!40101 SET COLLATION_CONNECTION=@OLD_COLLATION_CONNECTION */;
/*!40111 SET SQL_NOTES=@OLD_SQL_NOTES */;

-- Dump completed on 2018-04-08 23:50:05
